incarcare_racoritoare,2022-05-10 23:56:06
incarcare_racoritoare,2022-05-10 23:56:06
incarcare_restaurante,2022-05-10 23:56:06
incarcare_racoritoare,2022-05-10 23:56:06
add_utilizator,2022-05-10 23:56:39
incarcare_racoritoare,2022-05-10 23:57:18
incarcare_racoritoare,2022-05-10 23:57:18
incarcare_restaurante,2022-05-10 23:57:18
incarcare_racoritoare,2022-05-10 23:57:18
add_restaurante,2022-05-10 23:57:42
add_mancare,2022-05-10 23:58:46
add_racoritoare,2022-05-10 23:59:08
incarcare_racoritoare,2022-05-11 00:02:12
incarcare_racoritoare,2022-05-11 00:02:12
incarcare_restaurante,2022-05-11 00:02:12
incarcare_racoritoare,2022-05-11 00:02:12
incarcare_racoritoare,2022-05-11 00:02:59
incarcare_racoritoare,2022-05-11 00:02:59
incarcare_restaurante,2022-05-11 00:02:59
incarcare_racoritoare,2022-05-11 00:02:59
add_mancare,2022-05-11 00:03:27
incarcare_racoritoare,2022-05-11 00:04:42
incarcare_racoritoare,2022-05-11 00:04:42
incarcare_restaurante,2022-05-11 00:04:43
incarcare_racoritoare,2022-05-11 00:04:43
add_racoritoare,2022-05-11 00:05:13
